
-- follow hibernate auto ddl create or create-drop excution  
-- TODO insert or update SQL by jtwise 20160720
-- Navicat MySQL Data Transfer

-- Source Server         : 127.0.0.1
-- Source Server Version : 50629
-- Source Host           : localhost:3306
-- Source Database       : wise_tower

-- Target Server Type    : MYSQL
-- Target Server Version : 50629
-- File Encoding         : 65001

-- Date: 2016-11-04 11:28:53
-- CREATE DATABASE `test2` DEFAULT CHARACTER SET utf8 COLLATE utf8_general_ci

INSERT INTO `TB_COMPANY` (`id`, `VERSION`, `CREATED_BY`, `CREATED_DATE`, `LAST_MODIFIED_BY`, `LAST_MODIFIED_DATE`, `CHECKSUM`, `ADDRESS`, `COMPANY_ACCOUNT`, `COMPANY_NAME`, `EMAIL`, `TEL_NUM`, `WEB_SITE`, `CODE`) VALUES ('1', '0', 'SYS001', '1479103102690', 'SYS001', '1479103102690', 'efe04c06ae13bf1938bc45d8674b09f2', '高科大厦', 'jtadmin', '久泰', '12456@jt.com', '12345621452', 'www.bdb.com','1');
INSERT INTO `TB_LAYER` (`id`, `VERSION`, `COMMENTS`, `IMG_PATH`, `LAYER_NAME`, `POINTS`, `CODE`, `STATE`, `COMPANY_ID`) VALUES ('1', '0', '进行充值答疑', NULL, '充值答疑', NULL, 'jtRechargeQ', 'normal', '1');
INSERT INTO `TB_LAYER` (`id`, `VERSION`, `COMMENTS`, `IMG_PATH`, `LAYER_NAME`, `POINTS`, `CODE`, `STATE`, `COMPANY_ID`) VALUES ('2', '0', '投注相关答疑', NULL, '投注相关', NULL, 'jtBetQus', 'normal', '1');


INSERT INTO `TB_USER` (`id`, `VERSION`, `CREATED_BY`, `CREATED_DATE`, `LAST_MODIFIED_BY`, `LAST_MODIFIED_DATE`, `CHECKSUM`, `LOGIN_TIME`, `ACCOUNT`, `ACCOUNT_STATE`, `ACCOUNT_TYPE`, `AUTO_ALLOT`, `EMAIL`, `LAST_LOGIN_IP`, `LAST_LOGIN_TIME`, `LOGIN_FAILURE_TIMES`, `LOGIN_IP`, `MOBILE`, `NICK_NAME`, `ONLINE_STATE`, `PASSWORD`, `PASSWORD_SALT`, `RECEIVE_NUM`, `USER_NAME`, `COMPANY_ID`, `LAYER_ID`) VALUES ('1', '9', 'SYS001', '1478073549485', 'SYS001', '1478226437088', 'a7f96b585fbda8cbe1166f7f30220ba1', NULL, 'admin', '0', '1', '0', 'redleaf@foxmail.com', '192.168.0.36', NULL, NULL, '192.168.0.36', NULL, NULL, '0', '25464eb15d2ad98db10d2439c3bdc831', '47e9a31ea94b20fb4588ba69c5219e59', NULL, '超级管理员', NULL, NULL);
INSERT INTO `TB_USER` (`id`, `VERSION`, `CREATED_BY`, `CREATED_DATE`, `LAST_MODIFIED_BY`, `LAST_MODIFIED_DATE`, `CHECKSUM`, `ACCOUNT`, `ACCOUNT_STATE`, `ACCOUNT_TYPE`, `AUTO_ALLOT`, `EMAIL`, `LAST_LOGIN_IP`, `LAST_LOGIN_TIME`, `LOGIN_FAILURE_TIMES`, `LOGIN_IP`, `LOGIN_TIME`, `MOBILE`, `NICK_NAME`, `ONLINE_STATE`, `PASSWORD`, `PASSWORD_SALT`, `RECEIVE_NUM`, `USER_NAME`, `COMPANY_ID`, `LAYER_ID`) VALUES ('2', '1', 'SYS001', '1478584782262', 'SYS001', '1478584782262', '7718613fa680b7b631a2b5f3cca66529', 'test', '0', '3', '0', 'redleaf@foxmail.com', NULL, NULL, NULL, NULL, NULL, NULL, NULL, '0', '4684e1806bc04ded8f10ced33e14eccc', '908a8adf12bf16105f9f45423ac81263', NULL, '客服', NULL, NULL);
INSERT INTO `TB_USER` (`id`, `VERSION`, `CREATED_BY`, `CREATED_DATE`, `LAST_MODIFIED_BY`, `LAST_MODIFIED_DATE`, `CHECKSUM`, `ACCOUNT`, `ACCOUNT_STATE`, `ACCOUNT_TYPE`, `AUTO_ALLOT`, `EMAIL`, `LAST_LOGIN_IP`, `LAST_LOGIN_TIME`, `LOGIN_FAILURE_TIMES`, `LOGIN_IP`, `LOGIN_TIME`, `MOBILE`, `NICK_NAME`, `ONLINE_STATE`, `PASSWORD`, `PASSWORD_SALT`, `RECEIVE_NUM`, `USER_NAME`, `COMPANY_ID`, `LAYER_ID`) VALUES ('3', '0', 'SYS001', '1478593436510', 'SYS001', '1478593436510', '497b1824922960b7e6d271e6cf90ebae', 'jtadmin', '0', '2', '0', '123456@dc.net', NULL, NULL, NULL, NULL, NULL, '123456', 'jtadmin', '0', '1e8d3dfe65d97c9698da7f343e86eb31', '180742a9f0852d22a9509957603aaf34', '10', 'jtadmin', '1', NULL);
INSERT INTO `TB_USER` (`id`, `VERSION`, `CREATED_BY`, `CREATED_DATE`, `LAST_MODIFIED_BY`, `LAST_MODIFIED_DATE`, `CHECKSUM`, `ACCOUNT`, `ACCOUNT_STATE`, `ACCOUNT_TYPE`, `AUTO_ALLOT`, `EMAIL`, `LAST_LOGIN_IP`, `LAST_LOGIN_TIME`, `LOGIN_FAILURE_TIMES`, `LOGIN_IP`, `LOGIN_TIME`, `MOBILE`, `NICK_NAME`, `ONLINE_STATE`, `PASSWORD`, `PASSWORD_SALT`, `RECEIVE_NUM`, `USER_NAME`, `COMPANY_ID`, `LAYER_ID`, `USER_ICON`) VALUES ('4', '9', 'SYS001', '1478593436510', 'SYS001', '1478593436510', 'd3aaed83a445c198918082d11926b126', 'jttest1', '0', '3', '0', '123456@dc.net', '192.168.0.36', '1479367052211', NULL, '192.168.0.36', '1479368025233', '123456', 'jttest1', '0', '1e8d3dfe65d97c9698da7f343e86eb31', '180742a9f0852d22a9509957603aaf34', '10', 'jtterst1', '1', '1', NULL);
INSERT INTO `TB_USER` (`id`, `VERSION`, `CREATED_BY`, `CREATED_DATE`, `LAST_MODIFIED_BY`, `LAST_MODIFIED_DATE`, `CHECKSUM`, `ACCOUNT`, `ACCOUNT_STATE`, `ACCOUNT_TYPE`, `AUTO_ALLOT`, `EMAIL`, `LAST_LOGIN_IP`, `LAST_LOGIN_TIME`, `LOGIN_FAILURE_TIMES`, `LOGIN_IP`, `LOGIN_TIME`, `MOBILE`, `NICK_NAME`, `ONLINE_STATE`, `PASSWORD`, `PASSWORD_SALT`, `RECEIVE_NUM`, `USER_NAME`, `COMPANY_ID`, `LAYER_ID`, `USER_ICON`) VALUES ('5', '6', 'SYS001', '1478593436510', 'SYS001', '1478593436510', '381300657abd58897b9ac007a7d8b8e5', 'jttest2', '1', '3', '0', '123456@dc.net', '192.168.0.36', '1479366496246', NULL, '192.168.0.36', '1479366974699', '123456', 'jttest2', '0', '1e8d3dfe65d97c9698da7f343e86eb31', '180742a9f0852d22a9509957603aaf34', '10', 'jtterst2', '1', '1', NULL);
INSERT INTO `TB_USER` (`id`, `VERSION`, `CREATED_BY`, `CREATED_DATE`, `LAST_MODIFIED_BY`, `LAST_MODIFIED_DATE`, `CHECKSUM`, `ACCOUNT`, `ACCOUNT_STATE`, `ACCOUNT_TYPE`, `AUTO_ALLOT`, `EMAIL`, `LAST_LOGIN_IP`, `LAST_LOGIN_TIME`, `LOGIN_FAILURE_TIMES`, `LOGIN_IP`, `LOGIN_TIME`, `MOBILE`, `NICK_NAME`, `ONLINE_STATE`, `PASSWORD`, `PASSWORD_SALT`, `RECEIVE_NUM`, `USER_NAME`, `COMPANY_ID`, `LAYER_ID`, `USER_ICON`) VALUES ('6', '5', 'SYS001', '1478593436510', 'SYS001', '1478593436510', '6f0f3142af1c9554cbf1a0aa0a8f6cbf', 'jttest3', '1', '3', '0', '123456@dc.net', '0:0:0:0:0:0:0:1', '1479362036522', NULL, '192.168.0.36', '1479366496246', '123456', 'jttest3', '0', '1e8d3dfe65d97c9698da7f343e86eb31', '180742a9f0852d22a9509957603aaf34', '10', 'jtterst3', '1', '2', NULL);

INSERT INTO `TB_ROLE` (`id`, `VERSION`, `CREATED_BY`, `CREATED_DATE`, `LAST_MODIFIED_BY`, `LAST_MODIFIED_DATE`, `CHECKSUM`, `PARENT_ID`, `ROLE_NAME`, `ROLE_TYPE`) VALUES ('1', '0', 'SYS001', '1478073870623', 'SYS001', '1478073870623', 'a5134bfc8141569cff375d0cae4a7a19', NULL, 'administrator', '0');
INSERT INTO `TB_ROLE` (`id`, `VERSION`, `CREATED_BY`, `CREATED_DATE`, `LAST_MODIFIED_BY`, `LAST_MODIFIED_DATE`, `CHECKSUM`, `PARENT_ID`, `ROLE_NAME`, `ROLE_TYPE`) VALUES ('2', '0', 'SYS001', '1478073870718', 'SYS001', '1478073870718', 'a5134bfc8141569cff375d0cae4a7a19', NULL, 'companyAdmin', '0');
INSERT INTO `TB_ROLE` (`id`, `VERSION`, `CREATED_BY`, `CREATED_DATE`, `LAST_MODIFIED_BY`, `LAST_MODIFIED_DATE`, `CHECKSUM`, `PARENT_ID`, `ROLE_NAME`, `ROLE_TYPE`) VALUES ('3', '0', 'SYS001', '1478073870737', 'SYS001', '1478073870737', 'a5134bfc8141569cff375d0cae4a7a19', NULL, 'services', '0');
INSERT INTO `TB_ROLE` (`id`, `VERSION`, `CREATED_BY`, `CREATED_DATE`, `LAST_MODIFIED_BY`, `LAST_MODIFIED_DATE`, `CHECKSUM`, `PARENT_ID`, `ROLE_NAME`, `ROLE_TYPE`) VALUES ('4', '0', 'SYS001', '1478073870760', 'SYS001', '1478073870760', 'a5134bfc8141569cff375d0cae4a7a19', NULL, 'normal', '0');
INSERT INTO `TB_ROLE` (`id`, `VERSION`, `CREATED_BY`, `CREATED_DATE`, `LAST_MODIFIED_BY`, `LAST_MODIFIED_DATE`, `CHECKSUM`, `PARENT_ID`, `ROLE_NAME`, `ROLE_TYPE`) VALUES ('5', '0', 'SYS001', '1479796653991', 'SYS001', '1479796653991', 'a5134bfc8141569cff375d0cae4a7a19', NULL, 'chat-manage', '1');
INSERT INTO `TB_ROLE` (`id`, `VERSION`, `CREATED_BY`, `CREATED_DATE`, `LAST_MODIFIED_BY`, `LAST_MODIFIED_DATE`, `CHECKSUM`, `PARENT_ID`, `ROLE_NAME`, `ROLE_TYPE`) VALUES ('6', '0', 'SYS001', '1479796783798', 'SYS001', '1479796783798', 'a5134bfc8141569cff375d0cae4a7a19', '5', 'chat-manage/page', '1');
INSERT INTO `TB_ROLE` (`id`, `VERSION`, `CREATED_BY`, `CREATED_DATE`, `LAST_MODIFIED_BY`, `LAST_MODIFIED_DATE`, `CHECKSUM`, `PARENT_ID`, `ROLE_NAME`, `ROLE_TYPE`) VALUES ('7', '0', 'SYS001', '1479797003316', 'SYS001', '1479797003316', 'a5134bfc8141569cff375d0cae4a7a19', '5', 'chat-manage/auto', '1');
INSERT INTO `TB_ROLE` (`id`, `VERSION`, `CREATED_BY`, `CREATED_DATE`, `LAST_MODIFIED_BY`, `LAST_MODIFIED_DATE`, `CHECKSUM`, `PARENT_ID`, `ROLE_NAME`, `ROLE_TYPE`) VALUES ('8', '0', 'SYS001', '1479797227656', 'SYS001', '1479797227656', 'a5134bfc8141569cff375d0cae4a7a19', NULL, 'leave-message', '1');
INSERT INTO `TB_ROLE` (`id`, `VERSION`, `CREATED_BY`, `CREATED_DATE`, `LAST_MODIFIED_BY`, `LAST_MODIFIED_DATE`, `CHECKSUM`, `PARENT_ID`, `ROLE_NAME`, `ROLE_TYPE`) VALUES ('9', '0', 'SYS001', '1479797242643', 'SYS001', '1479797242643', 'a5134bfc8141569cff375d0cae4a7a19', '8', 'leave-message/view', '1');
INSERT INTO `TB_ROLE` (`id`, `VERSION`, `CREATED_BY`, `CREATED_DATE`, `LAST_MODIFIED_BY`, `LAST_MODIFIED_DATE`, `CHECKSUM`, `PARENT_ID`, `ROLE_NAME`, `ROLE_TYPE`) VALUES ('10', '0', 'SYS001', '1479797259619', 'SYS001', '1479797259619', 'a5134bfc8141569cff375d0cae4a7a19', '8', 'leave-message/reply', '1');
INSERT INTO `TB_ROLE` (`id`, `VERSION`, `CREATED_BY`, `CREATED_DATE`, `LAST_MODIFIED_BY`, `LAST_MODIFIED_DATE`, `CHECKSUM`, `PARENT_ID`, `ROLE_NAME`, `ROLE_TYPE`) VALUES ('11', '0', 'SYS001', '1479797367014', 'SYS001', '1479797367014', 'a5134bfc8141569cff375d0cae4a7a19', NULL, 'serv-manage', '1');
INSERT INTO `TB_ROLE` (`id`, `VERSION`, `CREATED_BY`, `CREATED_DATE`, `LAST_MODIFIED_BY`, `LAST_MODIFIED_DATE`, `CHECKSUM`, `PARENT_ID`, `ROLE_NAME`, `ROLE_TYPE`) VALUES ('12', '0', 'SYS001', '1479797391123', 'SYS001', '1479797391123', 'a5134bfc8141569cff375d0cae4a7a19', '11', 'serv-manage/view', '1');
INSERT INTO `TB_ROLE` (`id`, `VERSION`, `CREATED_BY`, `CREATED_DATE`, `LAST_MODIFIED_BY`, `LAST_MODIFIED_DATE`, `CHECKSUM`, `PARENT_ID`, `ROLE_NAME`, `ROLE_TYPE`) VALUES ('13', '0', 'SYS001', '1479797540813', 'SYS001', '1479797540813', 'a5134bfc8141569cff375d0cae4a7a19', '11', 'serv-manage/update', '1');
INSERT INTO `TB_ROLE` (`id`, `VERSION`, `CREATED_BY`, `CREATED_DATE`, `LAST_MODIFIED_BY`, `LAST_MODIFIED_DATE`, `CHECKSUM`, `PARENT_ID`, `ROLE_NAME`, `ROLE_TYPE`) VALUES ('14', '0', 'SYS001', '1479797641086', 'SYS001', '1479797641086', 'a5134bfc8141569cff375d0cae4a7a19', '11', 'serv-manage/chatview', '1');
INSERT INTO `TB_ROLE` (`id`, `VERSION`, `CREATED_BY`, `CREATED_DATE`, `LAST_MODIFIED_BY`, `LAST_MODIFIED_DATE`, `CHECKSUM`, `PARENT_ID`, `ROLE_NAME`, `ROLE_TYPE`) VALUES ('15', '0', 'SYS001', '1479797663078', 'SYS001', '1479797663078', 'a5134bfc8141569cff375d0cae4a7a19', '11', 'serv-manage/chatdel', '1');



INSERT INTO `TB_PERMISSION` VALUES (1, 0, 'SYS001', 1478229739072, 'SYS001', 1478229739072, 'a5134bfc8141569cff375d0cae4a7a19', '*', 0, 0, NULL, 0, 0, 'chat-root', '根目录', 0);
INSERT INTO `TB_PERMISSION` VALUES (2, 0, 'SYS001', 1478229739137, 'SYS001', 1478229739137, 'a5134bfc8141569cff375d0cae4a7a19', 'chat-manage', 1, 1, 'talk', 0, 1, 'chat-manage', '会话管理', 2);
INSERT INTO `TB_PERMISSION` VALUES (3, 0, 'SYS001', 1478229739152, 'SYS001', 1478229739152, 'a5134bfc8141569cff375d0cae4a7a19', 'services-manage', 2, 1, 'ser', 0, 1, 'services-manage', '客服管理', 2);
INSERT INTO `TB_PERMISSION` VALUES (4, 0, 'SYS001', 1478229739170, 'SYS001', 1478229739170, 'a5134bfc8141569cff375d0cae4a7a19', 'dialog-manage', 3, 1, 'win_set', 0, 1, 'dialog-manage', '对话窗口管理', 2);
INSERT INTO `TB_PERMISSION` VALUES (5, 0, 'SYS001', 1478229739185, 'SYS001', 1478229739185, 'a5134bfc8141569cff375d0cae4a7a19', 'ip-manage', 4, 2, NULL, 0, 1, 'ip-manage', 'IP阻止', 1);
INSERT INTO `TB_PERMISSION` VALUES (6, 0, 'SYS001', 1478229739196, 'SYS001', 1478229739196, 'a5134bfc8141569cff375d0cae4a7a19', 'chat-record', 5, 2, NULL, 0, 1, 'chat-record', '对话记录', 1);
INSERT INTO `TB_PERMISSION` VALUES (7, 0, 'SYS001', 1478229739206, 'SYS001', 1478229739206, 'a5134bfc8141569cff375d0cae4a7a19', 'leave-message', 6, 2, NULL, 0, 1, 'leave-message', '访客留言', 1);
INSERT INTO `TB_PERMISSION` VALUES (8, 0, 'SYS001', 1478229739216, 'SYS001', 1478229739216, 'a5134bfc8141569cff375d0cae4a7a19', 'company-manage', 7, 1, 'client', 0, 1, 'company-manage', '公司管理', 2);
INSERT INTO `TB_PERMISSION` VALUES (9, 0, 'SYS001', 1478229739227, 'SYS001', 1478229739227, 'a5134bfc8141569cff375d0cae4a7a19', 'chat-manage/normal', 1, 2, NULL, 0, 2, 'chat-manage/normal', '与访客对话', 1);
INSERT INTO `TB_PERMISSION` VALUES (10, 0, 'SYS001', 1478229739244, 'SYS001', 1478229739244, 'a5134bfc8141569cff375d0cae4a7a19', 'chat-manage/close', 2, 2, NULL, 0, 2, 'chat-manage/close', '关闭对话', 1);
INSERT INTO `TB_PERMISSION` VALUES (11, 0, 'SYS001', 1478229739260, 'SYS001', 1478229739260, 'a5134bfc8141569cff375d0cae4a7a19', 'chat-manage/delete', 3, 2, NULL, 0, 2, 'chat-manage/delete', '删除会话信息', 1);
INSERT INTO `TB_PERMISSION` VALUES (12, 0, 'SYS001', 1478229739271, 'SYS001', 1478229739271, 'a5134bfc8141569cff375d0cae4a7a19', 'chat-manage/auto', 4, 2, NULL, 0, 4, 'chat-manage/auto', '主动对话窗口', 2);
INSERT INTO `TB_PERMISSION` VALUES (13, 0, 'SYS001', 1478229739281, 'SYS001', 1478229739281, 'a5134bfc8141569cff375d0cae4a7a19', 'chat-manage/page', 5, 2, NULL, 0, 4, 'chat-manage/page', '网页对话窗口', 2);
INSERT INTO `TB_PERMISSION` VALUES (14, 0, 'SYS001', 1478229739310, 'SYS001', 1478229739310, 'a5134bfc8141569cff375d0cae4a7a19', 'services-manage/create', 1, 2, NULL, 0, 3, 'services-manage/create', '增加客服', 1);
INSERT INTO `TB_PERMISSION` VALUES (15, 0, 'SYS001', 1478229739348, 'SYS001', 1478229739348, 'a5134bfc8141569cff375d0cae4a7a19', 'services-manage/update', 2, 2, NULL, 0, 3, 'services-manage/update', '修改客服', 1);
INSERT INTO `TB_PERMISSION` VALUES (16, 0, 'SYS001', 1478229739362, 'SYS001', 1478229739362, 'a5134bfc8141569cff375d0cae4a7a19', 'services-manage/delete', 3, 2, NULL, 0, 3, 'services-manage/delete', '删除客服', 1);
INSERT INTO `TB_PERMISSION` VALUES (17, 0, 'SYS001', 1478229739377, 'SYS001', 1478229739377, 'a5134bfc8141569cff375d0cae4a7a19', 'services-manage/forbidden', 4, 2, NULL, 0, 3, 'services-manage/forbidden', '禁用客服', 1);
INSERT INTO `TB_PERMISSION` VALUES (18, 0, 'SYS001', 1478229739392, 'SYS001', 1478229739392, 'a5134bfc8141569cff375d0cae4a7a19', 'services-manage/view', 5, 2, NULL, 0, 3, 'services-manage/view', '查看其他客服列表', 1);
INSERT INTO `TB_PERMISSION` VALUES (19, 0, 'SYS001', 1478229739420, 'SYS001', 1478229739420, 'a5134bfc8141569cff375d0cae4a7a19', 'dialog-manage/promcontent', 1, 2, NULL, 0, 4, 'dialog-manage/promcontent', '编辑提示内容', 1);
INSERT INTO `TB_PERMISSION` VALUES (20, 0, 'SYS001', 1478229739429, 'SYS001', 1478229739429, 'a5134bfc8141569cff375d0cae4a7a19', 'dialog-manage/inputcontent', 2, 2, NULL, 0, 4, 'dialog-manage/inputcontent', '编辑快速输入内容', 1);
INSERT INTO `TB_PERMISSION` VALUES (21, 0, 'SYS001', 1478229739436, 'SYS001', 1478229739436, 'a5134bfc8141569cff375d0cae4a7a19', 'dialog-manage/timeout-promt', 3, 2, NULL, 0, 4, 'dialog-manage/timeout-promt', '开启访客超时提醒', 1);
INSERT INTO `TB_PERMISSION` VALUES (22, 0, 'SYS001', 1478229739477, 'SYS001', 1478229739477, 'a5134bfc8141569cff375d0cae4a7a19', 'ip-manage/update', 1, 2, NULL, 0, 5, 'ip-manage/update', 'IP阻止更改', 1);
INSERT INTO `TB_PERMISSION` VALUES (23, 0, 'SYS001', 1478229739486, 'SYS001', 1478229739486, 'a5134bfc8141569cff375d0cae4a7a19', 'chat-record/view', 1, 2, NULL, 0, 6, 'ip-manage/view', '查看自己的对话记录', 1);
INSERT INTO `TB_PERMISSION` VALUES (24, 0, 'SYS001', 1478229739496, 'SYS001', 1478229739496, 'a5134bfc8141569cff375d0cae4a7a19', 'leave-message/view', 1, 2, NULL, 0, 7, 'leave-message/view', '查看访客留言', 1);
INSERT INTO `TB_PERMISSION` VALUES (25, 0, 'SYS001', 1478229739505, 'SYS001', 1478229739505, 'a5134bfc8141569cff375d0cae4a7a19', 'leave-message/reply', 2, 2, NULL, 0, 7, 'leave-message/reply', '回复访客留言', 1);
INSERT INTO `TB_PERMISSION` VALUES (26, 0, 'SYS001', 1478229739514, 'SYS001', 1478229739514, 'a5134bfc8141569cff375d0cae4a7a19', 'company-manage/create', 1, 2, NULL, 0, 8, 'company-manage/create', '增加公司', 1);
INSERT INTO `TB_PERMISSION` VALUES (27, 0, 'SYS001', 1478229739525, 'SYS001', 1478229739525, 'a5134bfc8141569cff375d0cae4a7a19', 'company-manage/update', 2, 2, NULL, 0, 8, 'company-manage/update', '修改公司信息', 1);
INSERT INTO `TB_PERMISSION` VALUES (28, 0, 'SYS001', 1478229739538, 'SYS001', 1478229739538, 'a5134bfc8141569cff375d0cae4a7a19', 'company-manage/delete', 3, 2, NULL, 0, 8, 'company-manage/delete', '删除公司', 1);
INSERT INTO `TB_PERMISSION` VALUES (29, 0, 'SYS001', 1478229739551, 'SYS001', 1478229739551, 'a5134bfc8141569cff375d0cae4a7a19', 'company-manage/view', 4, 2, NULL, 0, 8, 'company-manage/view', '查看公司信息', 1);
INSERT INTO `TB_PERMISSION` VALUES (30, 0, 'SYS001', 1478485850036, 'SYS001', 1478485850036, 'a5134bfc8141569cff375d0cae4a7a19', 'permission', 8, 1, NULL, 0, 1, 'permission', '权限管理', 2);
INSERT INTO `TB_PERMISSION` (`id`, `VERSION`, `CREATED_BY`, `CREATED_DATE`, `LAST_MODIFIED_BY`, `LAST_MODIFIED_DATE`, `CHECKSUM`, `CODE`, `DEEP`, `FLOOR`, `ICON`, `IS_DISPLAY`, `PARENT_PERMISSION_ID`, `PATH`, `PERMISSION_NAME`, `PERMISSION_TYPE`) VALUES ('31', '0', 'SYS001', '1479710887308', 'SYS001', '1479710887308', 'a5134bfc8141569cff375d0cae4a7a19', 'permission-config', '3', '3', NULL, '0', '30', '/back/admin/permission', '权限配置', '2');
INSERT INTO `TB_PERMISSION` (`id`, `VERSION`, `CREATED_BY`, `CREATED_DATE`, `LAST_MODIFIED_BY`, `LAST_MODIFIED_DATE`, `CHECKSUM`, `CODE`, `DEEP`, `FLOOR`, `ICON`, `IS_DISPLAY`, `PARENT_PERMISSION_ID`, `PATH`, `PERMISSION_NAME`, `PERMISSION_TYPE`) VALUES ('32', '0', 'SYS001', '1480043712375', 'SYS001', '1480043712375', 'a5134bfc8141569cff375d0cae4a7a19', 'roles', '2', '3', NULL, '0', '30', '/back/admin/role', '角色管理', '2');
INSERT INTO `TB_PERMISSION` (`id`, `VERSION`, `CREATED_BY`, `CREATED_DATE`, `LAST_MODIFIED_BY`, `LAST_MODIFIED_DATE`, `CHECKSUM`, `CODE`, `DEEP`, `FLOOR`, `ICON`, `IS_DISPLAY`, `PARENT_PERMISSION_ID`, `PATH`, `PERMISSION_NAME`, `PERMISSION_TYPE`) VALUES ('33', '0', 'SYS001', '1480413968044', 'SYS001', '1480413968044', 'a5134bfc8141569cff375d0cae4a7a19', 'user', '1', '3', NULL, '0', '30', '/back/admin/user', '用户管理', '2');
INSERT INTO `TB_PERMISSION` (`id`, `VERSION`, `CREATED_BY`, `CREATED_DATE`, `LAST_MODIFIED_BY`, `LAST_MODIFIED_DATE`, `CHECKSUM`, `CODE`, `DEEP`, `FLOOR`, `ICON`, `IS_DISPLAY`, `PARENT_PERMISSION_ID`, `PATH`, `PERMISSION_NAME`, `PERMISSION_TYPE`) VALUES ('34', '0', 'SYS001', '1482894634955', 'SYS001', '1482894634955', 'a5134bfc8141569cff375d0cae4a7a19', 'services-manage/layer', '2', '3', NULL, '0', '3', 'services-manage/layer', '客服分组', '2');
INSERT INTO `TB_PERMISSION` (`id`, `VERSION`, `CREATED_BY`, `CREATED_DATE`, `LAST_MODIFIED_BY`, `LAST_MODIFIED_DATE`, `CHECKSUM`, `CODE`, `DEEP`, `FLOOR`, `ICON`, `IS_DISPLAY`, `PARENT_PERMISSION_ID`, `PATH`, `PERMISSION_NAME`, `PERMISSION_TYPE`) VALUES ('35', '0', 'SYS001', '1482915768008', 'SYS001', '1482915768008', 'a5134bfc8141569cff375d0cae4a7a19', 'services-manage/service', '1', '3', NULL, '0', '3', 'services-manage/service', '客服管理', '2');
-- 2017-01-21
INSERT INTO `TB_PERMISSION` (`id`, `VERSION`, `CREATED_BY`, `CREATED_DATE`, `LAST_MODIFIED_BY`, `LAST_MODIFIED_DATE`, `CHECKSUM`, `CODE`, `DEEP`, `FLOOR`, `ICON`, `IS_DISPLAY`, `PARENT_PERMISSION_ID`, `PATH`, `PERMISSION_NAME`, `PERMISSION_TYPE`) VALUES ('36', '2', 'SYS001', '1484906284393', 'SYS001', '1484907017419', 'a5134bfc8141569cff375d0cae4a7a19', 'chat-charshare', '9', '1', NULL, NULL, '1', 'chat-charshare', '聊天管理', '2');
INSERT INTO `TB_PERMISSION` (`id`, `VERSION`, `CREATED_BY`, `CREATED_DATE`, `LAST_MODIFIED_BY`, `LAST_MODIFIED_DATE`, `CHECKSUM`, `CODE`, `DEEP`, `FLOOR`, `ICON`, `IS_DISPLAY`, `PARENT_PERMISSION_ID`, `PATH`, `PERMISSION_NAME`, `PERMISSION_TYPE`) VALUES ('37', '2', 'SYS001', '1484906382297', 'SYS001', '1484906817396', 'a5134bfc8141569cff375d0cae4a7a19', 'chat-charshare/share', '0', '2', NULL, '0', '36', 'chat-charshare/share', '共享设置', '2');
INSERT INTO `TB_PERMISSION` (`id`, `VERSION`, `CREATED_BY`, `CREATED_DATE`, `LAST_MODIFIED_BY`, `LAST_MODIFIED_DATE`, `CHECKSUM`, `CODE`, `DEEP`, `FLOOR`, `ICON`, `IS_DISPLAY`, `PARENT_PERMISSION_ID`, `PATH`, `PERMISSION_NAME`, `PERMISSION_TYPE`) VALUES ('38', '2', 'SYS001', '1484906432524', 'SYS001', '1484906824031', 'a5134bfc8141569cff375d0cae4a7a19', 'chat-charshare/lookShare', '1', '2', NULL, '0', '36', 'chat-charshare/lookShare', '共享记录', '2');


INSERT INTO `TB_PROMPTCONFIG` (`id`, `VERSION`, `CONTENT`, `TIMEOUT`, `TYPE`) VALUES ('1', '0', '很高兴为您服务，请问有什么可以帮您？', NULL, 'welcome');
INSERT INTO `TB_PROMPTCONFIG` (`id`, `VERSION`, `CONTENT`, `TIMEOUT`, `TYPE`) VALUES ('2', '0', '您好，请稍候，正在为您连接客服...', NULL, 'await');
INSERT INTO `TB_PROMPTCONFIG` (`id`, `VERSION`, `CONTENT`, `TIMEOUT`, `TYPE`) VALUES ('3', '0', '客服正忙，请稍候……', NULL, 'busy');
INSERT INTO `TB_PROMPTCONFIG` (`id`, `VERSION`, `CONTENT`, `TIMEOUT`, `TYPE`) VALUES ('4', '0', '会话已结束，感谢您的咨询', NULL, 'finish');
INSERT INTO `TB_PROMPTCONFIG` (`id`, `VERSION`, `CONTENT`, `TIMEOUT`, `TYPE`) VALUES ('5', '0', '您已长时间未响应客服对话，请问您还有什么问题要咨询？', '5', 'timeout');
INSERT INTO `TB_PROMPTCONFIG` (`id`, `VERSION`, `CONTENT`, `TIMEOUT`, `TYPE`) VALUES ('6', '0', '您已长时间未响应客服对话，会话将结束，感谢您的来访.', '10', 'timeout');

INSERT INTO `TB_PREFERENCE` (`id`, `VERSION`, `CREATED_BY`, `CREATED_DATE`, `LAST_MODIFIED_BY`, `LAST_MODIFIED_DATE`, `CHECKSUM`, `CODE`, `DESCRIPTION`, `NAME`, `TYPE`, `VALUE`) VALUES ('1', '0', 'SYS001', '1481185241099', 'SYS001', '1481185241099', '0ab2e1529f556dd59a158dbb5113f288', 'timeOutSwitch', '设定是否开启访问超时。1-开启，0-关闭', '访问超时开关', 'config', '0');

INSERT INTO `TB_ROLE_TB_PERMISSION` (`TB_ROLE_id`, `permissions_id`) VALUES ('3', '2');
INSERT INTO `TB_ROLE_TB_PERMISSION` (`TB_ROLE_id`, `permissions_id`) VALUES ('3', '9');
INSERT INTO `TB_ROLE_TB_PERMISSION` (`TB_ROLE_id`, `permissions_id`) VALUES ('3', '10');
INSERT INTO `TB_ROLE_TB_PERMISSION` (`TB_ROLE_id`, `permissions_id`) VALUES ('3', '11');
INSERT INTO `TB_ROLE_TB_PERMISSION` (`TB_ROLE_id`, `permissions_id`) VALUES ('3', '12');
INSERT INTO `TB_ROLE_TB_PERMISSION` (`TB_ROLE_id`, `permissions_id`) VALUES ('3', '13');
INSERT INTO `TB_ROLE_TB_PERMISSION` (`TB_ROLE_id`, `permissions_id`) VALUES ('3', '4');
INSERT INTO `TB_ROLE_TB_PERMISSION` (`TB_ROLE_id`, `permissions_id`) VALUES ('3', '19');
INSERT INTO `TB_ROLE_TB_PERMISSION` (`TB_ROLE_id`, `permissions_id`) VALUES ('3', '20');
INSERT INTO `TB_ROLE_TB_PERMISSION` (`TB_ROLE_id`, `permissions_id`) VALUES ('3', '21');
INSERT INTO `TB_ROLE_TB_PERMISSION` (`TB_ROLE_id`, `permissions_id`) VALUES ('3', '6');
INSERT INTO `TB_ROLE_TB_PERMISSION` (`TB_ROLE_id`, `permissions_id`) VALUES ('3', '23');
INSERT INTO `TB_ROLE_TB_PERMISSION` (`TB_ROLE_id`, `permissions_id`) VALUES ('3', '7');
INSERT INTO `TB_ROLE_TB_PERMISSION` (`TB_ROLE_id`, `permissions_id`) VALUES ('3', '24');
INSERT INTO `TB_ROLE_TB_PERMISSION` (`TB_ROLE_id`, `permissions_id`) VALUES ('3', '25');
INSERT INTO `TB_ROLE_TB_PERMISSION` (`TB_ROLE_id`, `permissions_id`) VALUES ('2', '1');
INSERT INTO `TB_ROLE_TB_PERMISSION` (`TB_ROLE_id`, `permissions_id`) VALUES ('2', '3');
INSERT INTO `TB_ROLE_TB_PERMISSION` (`TB_ROLE_id`, `permissions_id`) VALUES ('2', '14');
INSERT INTO `TB_ROLE_TB_PERMISSION` (`TB_ROLE_id`, `permissions_id`) VALUES ('2', '15');
INSERT INTO `TB_ROLE_TB_PERMISSION` (`TB_ROLE_id`, `permissions_id`) VALUES ('2', '16');
INSERT INTO `TB_ROLE_TB_PERMISSION` (`TB_ROLE_id`, `permissions_id`) VALUES ('2', '17');
INSERT INTO `TB_ROLE_TB_PERMISSION` (`TB_ROLE_id`, `permissions_id`) VALUES ('2', '18');
INSERT INTO `TB_ROLE_TB_PERMISSION` (`TB_ROLE_id`, `permissions_id`) VALUES ('2', '5');
INSERT INTO `TB_ROLE_TB_PERMISSION` (`TB_ROLE_id`, `permissions_id`) VALUES ('2', '22');
INSERT INTO `TB_ROLE_TB_PERMISSION` (`TB_ROLE_id`, `permissions_id`) VALUES ('2', '6');
INSERT INTO `TB_ROLE_TB_PERMISSION` (`TB_ROLE_id`, `permissions_id`) VALUES ('2', '2');
INSERT INTO `TB_ROLE_TB_PERMISSION` (`TB_ROLE_id`, `permissions_id`) VALUES ('1', '1');
INSERT INTO `TB_ROLE_TB_PERMISSION` (`TB_ROLE_id`, `permissions_id`) VALUES ('1', '2');
INSERT INTO `TB_ROLE_TB_PERMISSION` (`TB_ROLE_id`, `permissions_id`) VALUES ('1', '3');
INSERT INTO `TB_ROLE_TB_PERMISSION` (`TB_ROLE_id`, `permissions_id`) VALUES ('1', '4');
INSERT INTO `TB_ROLE_TB_PERMISSION` (`TB_ROLE_id`, `permissions_id`) VALUES ('1', '5');
INSERT INTO `TB_ROLE_TB_PERMISSION` (`TB_ROLE_id`, `permissions_id`) VALUES ('1', '6');
INSERT INTO `TB_ROLE_TB_PERMISSION` (`TB_ROLE_id`, `permissions_id`) VALUES ('1', '7');
INSERT INTO `TB_ROLE_TB_PERMISSION` (`TB_ROLE_id`, `permissions_id`) VALUES ('1', '8');
INSERT INTO `TB_ROLE_TB_PERMISSION` (`TB_ROLE_id`, `permissions_id`) VALUES ('1', '9');
INSERT INTO `TB_ROLE_TB_PERMISSION` (`TB_ROLE_id`, `permissions_id`) VALUES ('1', '10');
INSERT INTO `TB_ROLE_TB_PERMISSION` (`TB_ROLE_id`, `permissions_id`) VALUES ('1', '11');
INSERT INTO `TB_ROLE_TB_PERMISSION` (`TB_ROLE_id`, `permissions_id`) VALUES ('1', '12');
INSERT INTO `TB_ROLE_TB_PERMISSION` (`TB_ROLE_id`, `permissions_id`) VALUES ('1', '13');
INSERT INTO `TB_ROLE_TB_PERMISSION` (`TB_ROLE_id`, `permissions_id`) VALUES ('1', '14');
INSERT INTO `TB_ROLE_TB_PERMISSION` (`TB_ROLE_id`, `permissions_id`) VALUES ('1', '15');
INSERT INTO `TB_ROLE_TB_PERMISSION` (`TB_ROLE_id`, `permissions_id`) VALUES ('1', '16');
INSERT INTO `TB_ROLE_TB_PERMISSION` (`TB_ROLE_id`, `permissions_id`) VALUES ('1', '17');
INSERT INTO `TB_ROLE_TB_PERMISSION` (`TB_ROLE_id`, `permissions_id`) VALUES ('1', '18');
INSERT INTO `TB_ROLE_TB_PERMISSION` (`TB_ROLE_id`, `permissions_id`) VALUES ('1', '19');
INSERT INTO `TB_ROLE_TB_PERMISSION` (`TB_ROLE_id`, `permissions_id`) VALUES ('1', '20');
INSERT INTO `TB_ROLE_TB_PERMISSION` (`TB_ROLE_id`, `permissions_id`) VALUES ('1', '21');
INSERT INTO `TB_ROLE_TB_PERMISSION` (`TB_ROLE_id`, `permissions_id`) VALUES ('1', '22');
INSERT INTO `TB_ROLE_TB_PERMISSION` (`TB_ROLE_id`, `permissions_id`) VALUES ('1', '23');
INSERT INTO `TB_ROLE_TB_PERMISSION` (`TB_ROLE_id`, `permissions_id`) VALUES ('1', '24');
INSERT INTO `TB_ROLE_TB_PERMISSION` (`TB_ROLE_id`, `permissions_id`) VALUES ('1', '25');
INSERT INTO `TB_ROLE_TB_PERMISSION` (`TB_ROLE_id`, `permissions_id`) VALUES ('1', '26');
INSERT INTO `TB_ROLE_TB_PERMISSION` (`TB_ROLE_id`, `permissions_id`) VALUES ('1', '27');
INSERT INTO `TB_ROLE_TB_PERMISSION` (`TB_ROLE_id`, `permissions_id`) VALUES ('1', '28');
INSERT INTO `TB_ROLE_TB_PERMISSION` (`TB_ROLE_id`, `permissions_id`) VALUES ('1', '29');
INSERT INTO `TB_ROLE_TB_PERMISSION` (`TB_ROLE_id`, `permissions_id`) VALUES ('1', '30');
INSERT INTO `TB_ROLE_TB_PERMISSION` (`TB_ROLE_id`, `permissions_id`) VALUES ('1', '31');
INSERT INTO `TB_ROLE_TB_PERMISSION` (`TB_ROLE_id`, `permissions_id`) VALUES ('1', '32');
INSERT INTO `TB_ROLE_TB_PERMISSION` (`TB_ROLE_id`, `permissions_id`) VALUES ('2', '35');
INSERT INTO `TB_ROLE_TB_PERMISSION` (`TB_ROLE_id`, `permissions_id`) VALUES ('2', '34');

INSERT INTO `TB_USER_TB_ROLE` VALUES ('1', '1');
INSERT INTO `TB_USER_TB_ROLE` VALUES ('1', '2');
INSERT INTO `TB_USER_TB_ROLE` VALUES ('1', '3');
INSERT INTO `TB_USER_TB_ROLE` VALUES ('1', '4');
INSERT INTO `TB_USER_TB_ROLE` (`TB_USER_id`, `roles_id`) VALUES ('2', '3');
INSERT INTO `TB_USER_TB_ROLE` (`TB_USER_id`, `roles_id`) VALUES ('3', '2');
INSERT INTO `TB_USER_TB_ROLE` (`TB_USER_id`, `roles_id`) VALUES ('4', '3');
INSERT INTO `TB_USER_TB_ROLE` (`TB_USER_id`, `roles_id`) VALUES ('5', '3');
INSERT INTO `TB_USER_TB_ROLE` (`TB_USER_id`, `roles_id`) VALUES ('6', '3');
